Fold,Accuracy,PLA,Precision,Recall,F1-Score
1,0.6532369256019592,0.6788419913419913,1.0,0.6531174778938293,0.790164589881897
2,0.4972950518131256,0.4939692970768724,0.5116140842437744,0.6888532638549805,0.5871496796607971
3,0.7039192914962769,0.6884869043514403,0.9516397714614868,0.7169179320335388,0.8177692890167236
4,0.6534469723701477,0.6785714285714286,1.0,0.6534469723701477,0.7904057502746582
5,0.6188777089118958,0.6375205455092124,0.9234972596168518,0.6454861164093018,0.7598610520362854
